City_ID,City,Country,Lat,Lng,Max Temp,Humidity,Cloudiness,Wind Speed,Current Description,Rain (inches),Snow (inches)
0,Hobart,AU,-42.88,147.33,37.99,93,75,4.7,broken clouds,0.0,0
1,Jamestown,US,42.1,-79.24,87.01,65,20,4.7,few clouds,0.0,0
2,Praia Da Vitoria,PT,38.73,-27.07,69.8,83,40,6.53,scattered clouds,0.0,0
3,Punta Arenas,CL,-53.15,-70.92,33.8,86,92,21.92,shower sleet,0.0,0
4,Husavik,IS,66.04,-17.34,48.2,76,75,10.29,broken clouds,0.0,0
5,Longyearbyen,SJ,78.22,15.64,44.6,87,75,8.05,light rain,0.0,0
6,Atuona,PF,-9.8,-139.03,79.65,76,2,14.54,clear sky,0.0,0
7,Belyy Yar,RU,53.6,91.39,64.4,88,40,6.71,light intensity shower rain,0.0,0
8,Ostrovnoy,RU,68.05,39.51,59.38,92,100,12.55,overcast clouds,0.0,0
9,Hasaki,JP,35.73,140.83,77.0,94,75,3.36,light intensity shower rain,0.0,0
10,Plettenberg Bay,ZA,-34.05,23.37,57.33,80,97,7.58,overcast clouds,0.0,0
11,Saint-Philippe,RE,-21.36,55.77,68.0,82,75,16.11,broken clouds,0.0,0
12,Sept-Iles,CA,50.2,-66.38,66.2,82,40,6.93,scattered clouds,0.0,0
13,Rikitea,PF,-23.12,-134.97,68.23,67,5,20.69,clear sky,0.0,0
14,Clyde River,CA,70.47,-68.59,41.0,93,75,8.05,shower rain,0.0,0
15,Bredasdorp,ZA,-34.53,20.04,53.6,81,100,10.29,light rain,0.0,0
16,Komsomolskiy,UZ,40.43,71.72,75.2,36,98,9.17,light rain,0.69,0
17,Kodiak,US,57.79,-152.41,68.0,45,1,14.99,clear sky,0.15,0
18,Port Alfred,ZA,-33.59,26.89,59.0,87,28,1.99,scattered clouds,0.0,0
19,Yulara,AU,-25.24,130.99,37.4,47,0,5.82,clear sky,0.0,0
20,Busselton,AU,-33.65,115.33,36.0,87,0,7.0,clear sky,0.0,0
21,Yellowknife,CA,62.46,-114.35,68.0,48,75,11.41,broken clouds,0.0,0
22,Cape Town,ZA,-33.93,18.42,53.01,87,75,10.29,moderate rain,0.0,0
23,Faanui,PF,-16.48,-151.75,76.57,80,38,25.61,scattered clouds,2.29,0
24,Tuktoyaktuk,CA,69.45,-133.04,39.2,86,90,9.17,overcast clouds,0.0,0
25,Mount Isa,AU,-20.73,139.5,60.8,63,7,11.39,clear sky,0.0,0
26,Mataura,NZ,-46.19,168.86,44.74,90,98,6.11,overcast clouds,0.0,0
27,Bathsheba,BB,13.22,-59.52,84.2,70,40,17.22,scattered clouds,0.0,0
28,Georgetown,MY,5.41,100.34,80.6,94,20,5.37,few clouds,0.0,0
29,Vaini,TO,-21.2,-175.2,75.2,88,75,5.82,light rain,0.0,0
30,Kologriv,RU,58.83,44.32,54.1,96,76,6.22,broken clouds,0.0,0
31,Broken Hill,AU,-31.95,141.43,50.0,71,96,6.93,overcast clouds,0.0,0
32,Bonavista,CA,48.65,-53.11,54.0,85,100,3.0,overcast clouds,0.0,0
33,Marrakesh,MA,31.63,-8.01,80.6,42,0,6.93,clear sky,0.0,0
34,Nikolskoye,RU,59.7,30.79,54.0,81,20,6.71,few clouds,0.0,0
35,Mahebourg,MU,-20.41,57.7,71.6,78,75,18.34,shower rain,0.0,0
36,Ust-Tsilma,RU,65.44,52.15,73.36,65,4,5.53,clear sky,0.0,0
37,Avarua,CK,-21.21,-159.78,78.8,69,82,13.87,broken clouds,0.0,0
38,Ushuaia,AR,-54.8,-68.3,37.4,64,75,16.11,broken clouds,0.0,0
39,Chuy,UY,-33.7,-53.46,45.73,80,6,8.99,clear sky,0.0,0
40,Arraial Do Cabo,BR,-22.97,-42.03,71.6,78,75,8.05,broken clouds,0.0,0
41,Aklavik,CA,68.22,-135.01,42.8,87,75,12.75,shower rain,0.0,0
42,Vila Velha,BR,-20.33,-40.29,75.2,88,0,6.93,clear sky,0.0,0
43,Verkhnevilyuysk,RU,63.45,120.32,68.77,57,13,5.1,few clouds,0.0,0
44,Geraldton,AU,-28.77,114.6,46.4,75,18,5.82,few clouds,0.0,0
45,Fukue,JP,32.69,128.84,76.55,91,100,30.04,heavy intensity rain,0.0,0
46,Shingu,JP,33.73,135.98,73.51,94,100,1.52,overcast clouds,6.5,0
47,Puerto Ayora,EC,-0.74,-90.35,69.01,89,70,5.99,broken clouds,0.0,0
48,Bicester,GB,51.9,-1.15,55.0,96,100,1.01,overcast clouds,0.0,0
49,Upernavik,GL,72.79,-56.15,43.47,76,100,4.99,overcast clouds,0.0,0
50,Pueblo Nuevo,MX,23.38,-105.38,64.02,94,89,1.45,moderate rain,0.0,0
51,Carnarvon,AU,-24.87,113.63,55.4,47,89,10.29,overcast clouds,0.0,0
52,Capreol,CA,46.71,-80.92,87.8,45,40,16.11,scattered clouds,0.0,0
53,Grand Forks,US,47.93,-97.03,77.0,53,75,12.75,broken clouds,0.0,0
54,Cizre,TR,37.33,42.19,85.73,22,3,4.94,clear sky,0.0,0
55,Lancaster,US,40.25,-76.25,91.0,52,1,5.82,clear sky,0.0,0
56,Santo Domingo,DO,18.5,-69.99,87.01,66,75,11.41,broken clouds,0.0,0
57,Den Helder,NL,52.96,4.76,57.2,100,75,16.11,light intensity shower rain,0.0,0
58,Marsh Harbour,BS,26.54,-77.06,85.66,71,100,8.7,moderate rain,0.0,0
59,Luis Correia,BR,-2.88,-41.67,78.37,86,5,10.76,light rain,1.15,0
60,Mount Gambier,AU,-37.83,140.77,42.8,93,40,8.05,scattered clouds,0.28,0
61,Kawalu,ID,-7.38,108.21,70.77,93,99,1.28,light rain,0.0,0
62,Albany,US,42.6,-73.97,91.0,49,0,3.6,clear sky,0.27,0
63,Chihuahua,MX,28.5,-106.0,98.6,17,75,13.87,broken clouds,0.0,0
64,Quirinopolis,BR,-18.45,-50.45,67.73,75,0,5.99,clear sky,0.0,0
65,Anadyr,RU,64.75,177.48,66.2,59,100,13.42,overcast clouds,0.0,0
66,Nancha,CN,47.13,129.27,65.07,87,59,2.73,broken clouds,0.0,0
67,Sobolevo,RU,54.43,31.9,48.87,91,0,4.07,clear sky,0.0,0
68,Ponta Do Sol,PT,32.67,-17.1,71.01,73,0,3.8,clear sky,0.0,0
69,Rocha,UY,-34.48,-54.33,42.44,78,21,7.74,few clouds,0.0,0
70,Zhigansk,RU,66.77,123.37,66.47,46,73,5.37,broken clouds,0.0,0
71,Mnogovershinnyy,RU,53.94,139.92,54.32,81,94,4.0,overcast clouds,0.0,0
72,Bintulu,MY,3.17,113.03,75.2,100,40,7.27,light rain,0.0,0
73,Gigante,CO,2.39,-75.55,87.8,45,20,5.82,few clouds,0.0,0
74,Oksfjord,NO,70.24,22.35,51.8,81,100,5.82,overcast clouds,0.0,0
75,Fare,PF,-16.7,-151.02,76.78,77,58,24.36,broken clouds,0.0,0
76,Kapaa,US,22.08,-159.32,84.99,100,90,17.22,moderate rain,0.0,0
77,Falam,MM,22.92,93.68,61.16,100,100,3.76,overcast clouds,1.02,0
78,Saldanha,ZA,-33.01,17.94,51.8,93,100,4.7,moderate rain,0.0,0
79,Airai,TL,-8.93,125.41,57.9,93,89,4.21,overcast clouds,1.33,0
80,Pallasovka,RU,50.05,46.88,75.7,59,100,4.76,overcast clouds,0.0,0
81,Krynychky,UA,48.38,34.47,60.8,72,0,6.71,clear sky,0.0,0
82,Lorengau,PG,-2.02,147.27,84.04,74,84,9.82,light rain,0.0,0
83,Tuatapere,NZ,-46.13,167.68,47.32,81,94,7.11,overcast clouds,0.24,0
84,Mar Del Plata,AR,-38.0,-57.56,46.99,70,100,12.75,overcast clouds,0.0,0
85,Arman,RU,59.7,150.17,52.21,95,100,0.83,moderate rain,0.0,0
86,Trabzon,TR,40.92,39.83,73.4,73,75,4.7,broken clouds,2.39,0
87,Pangkalanbuun,ID,-2.68,111.62,73.09,99,93,1.97,moderate rain,0.0,0
88,Samarai,PG,-10.62,150.67,78.48,88,99,20.47,moderate rain,0.0,0
89,Castro,BR,-24.79,-50.01,47.01,70,88,0.76,overcast clouds,0.0,0
90,Rakai,UG,-0.72,31.48,59.29,67,2,1.48,clear sky,0.0,0
91,Namatanai,PG,-3.67,152.43,84.06,70,41,6.42,light rain,0.0,0
92,Vung Tau,VN,10.35,107.08,80.96,82,100,3.4,overcast clouds,0.18,0
93,Manchester,GB,53.48,-2.24,55.0,100,90,4.7,light intensity drizzle,0.0,0
94,Jaciara,BR,-15.97,-54.97,69.33,69,21,4.45,few clouds,0.0,0
95,Norman Wells,CA,65.28,-126.83,64.4,52,75,4.7,broken clouds,0.0,0
96,Roebourne,AU,-20.78,117.13,64.47,29,16,16.35,few clouds,0.0,0
97,Tual,ID,-5.67,132.75,79.72,84,92,19.17,light rain,0.0,0
98,Faya,SA,18.39,42.45,73.4,40,20,3.13,few clouds,0.48,0
99,New Norfolk,AU,-42.78,147.06,37.0,93,65,2.13,broken clouds,0.0,0
100,Darhan,MN,49.49,105.92,58.91,77,100,5.73,overcast clouds,0.0,0
101,Korla,CN,41.76,86.15,78.84,31,100,12.12,overcast clouds,0.0,0
102,Saint Anthony,US,45.02,-93.22,81.0,69,90,6.93,overcast clouds,0.0,0
103,Luderitz,NA,-26.65,15.16,53.6,93,0,9.17,clear sky,0.0,0
104,Soe,ID,-9.86,124.28,63.43,95,92,5.66,overcast clouds,0.0,0
105,Viedma,AR,-40.81,-63.0,50.18,57,100,26.26,overcast clouds,0.0,0
106,Cidreira,BR,-30.18,-50.21,51.15,71,0,12.84,clear sky,0.0,0
107,Qinhuangdao,CN,39.93,119.59,72.05,65,98,3.27,overcast clouds,0.0,0
108,Tommot,RU,58.96,126.29,65.1,76,64,10.42,broken clouds,0.0,0
109,Kolokani,ML,13.57,-8.03,73.58,77,98,9.75,light rain,0.0,0
110,Tres Arroyos,AR,-38.37,-60.28,46.33,59,100,16.73,overcast clouds,0.41,0
111,Bulgan,MN,48.81,103.53,52.36,83,100,3.76,overcast clouds,0.0,0
112,East London,ZA,-33.02,27.91,67.55,52,10,2.04,clear sky,0.0,0
113,Cabo San Lucas,MX,22.89,-109.91,90.0,70,75,13.87,broken clouds,0.0,0
114,Togur,RU,58.36,82.83,56.44,94,83,6.04,broken clouds,0.0,0
115,Lakes Entrance,AU,-37.88,147.98,39.99,97,100,3.67,overcast clouds,0.0,0
116,Isla Vista,US,34.41,-119.86,80.01,72,1,10.29,fog,0.0,0
117,Puerto Carreno,CO,6.19,-67.49,91.4,49,20,6.93,few clouds,0.0,0
118,Pran Buri,TH,12.38,99.91,78.91,81,100,4.29,overcast clouds,0.0,0
119,Cairns,AU,-16.92,145.77,73.0,88,75,10.29,light intensity shower rain,0.0,0
120,Tasiilaq,GL,65.61,-37.64,44.6,65,100,14.99,overcast clouds,0.51,0
121,Lebu,CL,-37.62,-73.65,53.91,93,100,23.44,moderate rain,0.0,0
122,Egvekinot,RU,66.32,-179.17,51.84,73,88,4.09,overcast clouds,1.86,0
123,Wladyslawowo,PL,54.79,18.4,59.0,82,100,10.18,moderate rain,0.0,0
124,Galesong,ID,-5.32,119.37,77.0,100,20,3.36,few clouds,1.88,0
125,Bluff,NZ,-46.6,168.33,50.07,80,86,15.9,overcast clouds,0.0,0
126,Thompson,CA,55.74,-97.86,62.6,82,90,10.29,light intensity shower rain,0.0,0
127,Hamilton,US,39.18,-84.53,87.01,74,1,2.62,clear sky,0.0,0
128,Los Llanos De Aridane,ES,28.66,-17.92,71.6,78,10,16.11,clear sky,0.0,0
129,Qaanaaq,GL,77.48,-69.36,46.81,55,99,1.05,overcast clouds,0.0,0
130,Khatanga,RU,71.97,102.5,53.87,60,15,17.76,few clouds,0.0,0
131,Doha,QA,25.29,51.53,97.0,89,13,3.36,few clouds,0.0,0
132,Kavieng,PG,-2.57,150.8,83.62,71,86,7.07,light rain,0.0,0
133,Nanortalik,GL,60.14,-45.24,45.12,93,100,10.54,overcast clouds,0.65,0
134,Sidney,AU,-33.87,151.21,53.6,87,75,8.05,mist,0.0,0
135,Okha,RU,53.57,142.95,50.27,96,100,7.36,overcast clouds,0.0,0
136,Ouesso,CG,1.61,16.05,73.85,84,100,2.73,overcast clouds,0.0,0
137,Quatre Cocos,MU,-20.21,57.76,71.6,78,75,18.34,shower rain,0.0,0
138,Bethel,US,41.37,-73.41,86.0,62,1,10.29,clear sky,0.0,0
139,Sao Filipe,CV,14.9,-24.5,74.5,86,53,10.63,broken clouds,0.0,0
140,Saravena,CO,6.95,-71.88,76.41,80,82,1.39,light rain,0.0,0
141,Tiksi,RU,71.69,128.87,36.19,89,83,8.68,broken clouds,0.12,0
142,Mahina,PF,-17.51,-149.49,84.2,54,20,6.93,few clouds,0.0,0
143,Ketchikan,US,55.34,-131.65,62.6,72,75,16.11,broken clouds,0.0,0
144,Victoria,HK,22.29,114.16,86.0,74,100,11.01,overcast clouds,0.0,0
145,Comodoro Rivadavia,AR,-45.87,-67.5,42.8,70,74,6.93,broken clouds,0.0,0
146,Kutum,SD,14.2,24.67,76.84,58,64,8.23,broken clouds,0.0,0
147,Along,IN,28.17,94.77,74.23,91,100,1.79,moderate rain,0.0,0
148,Fairbanks,US,64.84,-147.72,60.01,87,75,4.7,moderate rain,1.41,0
149,San Quintin,MX,30.48,-115.95,72.45,63,9,12.97,clear sky,1.02,0
150,Riyadh,SA,24.69,46.72,89.6,15,35,4.7,scattered clouds,0.0,0
151,Gwanda,ZW,-20.93,29.0,54.14,82,0,5.77,clear sky,0.0,0
152,Guatire,VE,10.48,-66.54,75.99,64,11,4.0,few clouds,0.0,0
153,Esperance,AU,-33.87,121.9,46.4,87,40,8.05,scattered clouds,0.0,0
154,Tungor,RU,53.38,142.96,50.79,96,100,6.82,overcast clouds,0.0,0
155,San Pedro,PH,14.35,121.02,84.0,83,20,1.12,few clouds,0.0,0
156,Yanam,IN,16.73,82.22,79.99,87,92,4.63,moderate rain,0.0,0
157,Uberlandia,BR,-18.92,-48.28,69.8,60,0,10.29,clear sky,1.12,0
158,Barrow,US,71.29,-156.79,39.2,80,40,10.29,scattered clouds,0.0,0
159,Panzhihua,CN,26.59,101.71,73.11,77,100,1.59,overcast clouds,0.0,0
160,Zaysan,KZ,47.47,84.87,63.54,47,0,8.28,clear sky,0.0,0
161,Wanning,CN,18.8,110.4,82.18,84,100,12.5,overcast clouds,0.0,0
162,Harper,LR,4.38,-7.72,76.3,83,100,9.6,overcast clouds,0.0,0
163,Souillac,MU,-20.52,57.52,71.6,78,75,18.34,shower rain,0.0,0
164,Adrar,MR,20.5,-10.07,95.04,9,0,9.66,clear sky,0.0,0
165,Bairiki,KI,1.33,172.98,86.0,70,20,10.29,few clouds,0.0,0
166,Ancud,CL,-41.87,-73.82,45.0,87,90,8.05,overcast clouds,0.0,0
167,Port Hedland,AU,-20.32,118.57,57.2,26,0,10.29,clear sky,0.0,0
168,Basco,PH,20.45,121.97,84.34,79,96,11.16,overcast clouds,0.0,0
169,Broome,US,42.25,-75.83,90.0,48,1,4.7,clear sky,0.0,0
170,Okhotsk,RU,59.38,143.3,53.26,91,100,5.99,overcast clouds,0.0,0
171,Portland,US,45.52,-122.68,77.0,49,75,3.36,broken clouds,0.0,0
172,Provideniya,RU,64.38,-173.3,51.8,76,20,13.42,few clouds,0.0,0
173,Jijiga,ET,9.35,42.8,64.87,75,99,14.72,overcast clouds,0.0,0
174,Bengkulu,ID,-3.8,102.27,75.34,88,100,7.25,overcast clouds,0.0,0
175,Ribeira Grande,PT,38.52,-28.7,68.0,72,75,5.82,broken clouds,0.0,0
176,Maniitsoq,GL,65.42,-52.9,40.48,98,100,15.17,light rain,0.0,0
177,Emporia,US,38.4,-96.18,84.2,62,1,9.17,clear sky,0.49,0
178,Maragogi,BR,-9.01,-35.22,75.7,86,47,7.74,light rain,0.0,0
179,College,US,64.86,-147.8,61.0,93,90,4.7,light rain,0.72,0
180,Talcahuano,CL,-36.72,-73.12,53.6,100,90,10.29,light intensity drizzle,0.0,0
181,Kulunda,RU,52.57,78.94,68.22,85,66,9.08,broken clouds,0.0,0
182,Malanje,AO,-9.54,16.34,62.92,66,0,6.71,clear sky,0.0,0
183,Balashov,RU,51.55,43.17,62.01,85,8,5.99,clear sky,0.0,0
184,Batemans Bay,AU,-35.72,150.18,46.99,100,100,3.87,overcast clouds,0.0,0
185,Killarney,IE,52.05,-9.52,48.36,88,0,5.88,clear sky,0.0,0
186,Vyartsilya,RU,62.18,30.69,46.29,94,0,5.57,clear sky,0.0,0
187,Port Blair,IN,11.67,92.75,81.21,81,100,9.93,light rain,0.0,0
188,Marawi,PH,8.0,124.29,75.0,89,30,4.0,scattered clouds,0.24,0
189,Taber,CA,49.82,-112.15,73.4,38,75,3.36,broken clouds,0.0,0
190,Guia Lopes Da Laguna,BR,-21.46,-56.11,61.02,60,96,5.48,overcast clouds,0.0,0
191,Ayagoz,KZ,47.97,80.44,60.39,76,0,6.49,clear sky,0.0,0
192,Kaeo,NZ,-35.1,173.78,54.0,3,37,1.01,scattered clouds,0.0,0
193,Vila Do Maio,CV,15.13,-23.22,78.8,74,75,10.29,broken clouds,0.0,0
194,Vila Franca Do Campo,PT,37.72,-25.43,68.0,72,75,8.05,broken clouds,0.0,0
195,San Vicente De Canete,PE,-13.08,-76.38,61.81,80,5,6.62,clear sky,0.0,0
196,Port Elizabeth,ZA,-33.92,25.57,59.0,82,56,8.05,broken clouds,0.0,0
197,Margate,GB,51.38,1.39,64.0,70,100,4.0,overcast clouds,0.0,0
198,Kudahuvadhoo,MV,2.67,72.89,83.66,71,98,8.59,overcast clouds,0.0,0
199,Batticaloa,LK,7.71,81.69,79.84,81,98,6.22,overcast clouds,0.0,0
200,Puerto Colombia,CO,10.99,-74.95,87.8,70,40,4.7,scattered clouds,0.0,0
201,Contramaestre,CU,20.3,-76.24,89.6,55,75,6.93,broken clouds,0.0,0
202,Hirara,JP,24.8,125.28,84.2,83,75,13.87,broken clouds,0.0,0
203,Chapais,CA,49.78,-74.85,84.2,39,75,5.82,broken clouds,0.0,0
204,Alofi,NU,-19.06,-169.92,78.8,83,75,4.7,broken clouds,0.0,0
205,Baghdad,IQ,33.34,44.4,95.0,24,0,9.17,clear sky,0.0,0
206,Najran,SA,17.49,44.13,91.4,16,71,3.36,broken clouds,0.0,0
207,Fort Nelson,CA,58.81,-122.7,62.6,77,75,2.01,broken clouds,0.0,0
208,Kingisepp,RU,59.37,28.61,47.52,92,0,3.6,clear sky,0.0,0
209,Rio Grande,BR,-32.03,-52.1,42.01,94,0,12.08,clear sky,0.0,0
210,Vilhena,BR,-12.74,-60.15,73.47,55,19,1.97,few clouds,0.0,0
211,Winnemucca,US,40.97,-117.74,93.2,8,1,19.46,clear sky,0.0,0
212,Meulaboh,ID,4.14,96.13,75.63,80,99,4.16,overcast clouds,0.0,0
213,Koungou,YT,-12.73,45.2,78.8,69,90,18.34,overcast clouds,0.0,0
214,Dicabisagan,PH,17.08,122.42,82.56,74,50,5.5,scattered clouds,0.0,0
215,Kathu,TH,7.92,98.33,84.0,94,40,2.24,scattered clouds,0.0,0
216,Sankt Johann Im Pongau,AT,47.35,13.2,68.0,72,8,9.17,clear sky,0.0,0
217,Boundiali,CI,9.52,-6.49,71.96,95,85,4.59,light rain,0.0,0
218,Tubuala,PA,9.52,-79.03,86.0,70,20,9.17,few clouds,0.52,0
219,Talnakh,RU,69.49,88.4,53.6,93,21,24.61,few clouds,0.0,0
220,Megion,RU,61.03,76.11,57.2,71,75,8.95,broken clouds,0.0,0
221,Tanout,NE,14.97,8.89,95.77,22,98,4.07,overcast clouds,0.0,0
222,Saint George,US,37.1,-113.58,102.99,5,1,5.82,clear sky,0.0,0
223,Taltal,CL,-25.4,-70.48,58.96,65,13,4.25,few clouds,0.0,0
224,Yahotyn,UA,50.28,31.76,51.8,93,3,2.8,clear sky,0.0,0
225,Maxixe,MZ,-23.86,35.35,66.83,81,0,5.64,clear sky,0.0,0
226,Thabazimbi,ZA,-24.59,27.41,50.0,84,0,4.36,clear sky,0.0,0
227,Beloha,MG,-25.17,45.05,63.3,66,0,9.84,clear sky,0.0,0
228,Siderno,IT,38.28,16.3,77.0,88,5,6.24,clear sky,0.0,0
229,Asau,RO,46.43,26.4,59.0,92,1,4.41,clear sky,0.0,0
230,Pitea,SE,65.32,21.48,55.4,87,95,2.24,overcast clouds,0.0,0
231,Lindi,TZ,-10.0,39.72,73.4,94,40,9.17,scattered clouds,0.0,0
232,Salalah,OM,17.02,54.09,82.4,88,75,3.36,broken clouds,0.0,0
233,Touros,BR,-5.2,-35.46,77.0,88,40,3.36,scattered clouds,0.0,0
234,Enumclaw,US,47.2,-121.99,73.0,64,61,3.0,light rain,0.0,0
235,Ambovombe,MG,-25.17,46.08,61.63,85,0,5.88,clear sky,0.14,0
236,Rio Branco Do Sul,BR,-25.19,-49.31,51.8,66,83,3.36,broken clouds,0.0,0
237,Hithadhoo,MV,-0.6,73.08,84.36,72,81,7.0,broken clouds,0.0,0
238,Butaritari,KI,3.07,172.79,83.53,77,2,14.7,light rain,0.0,0
239,Torbay,CA,47.67,-52.73,57.0,76,90,10.29,overcast clouds,0.0,0
240,Bolzano,IT,46.49,11.33,63.0,100,90,6.93,fog,0.0,0
241,Dikson,RU,73.51,80.55,42.46,84,0,13.71,clear sky,0.0,0
242,Fort Saint James,CA,54.43,-124.25,67.64,39,95,6.24,overcast clouds,0.0,0
243,Port Said,EG,31.26,32.28,78.8,83,1,3.36,clear sky,0.0,0
244,Hilton Head Island,US,32.22,-80.75,87.01,79,75,10.29,broken clouds,0.0,0
245,Nabire,ID,-3.37,135.48,79.83,76,38,2.62,scattered clouds,0.0,0
246,Rochegda,RU,62.8,43.25,52.66,97,86,5.23,overcast clouds,0.0,0
247,Hirna,ET,9.22,41.1,61.81,81,98,8.05,overcast clouds,0.0,0
248,Fuling,CN,29.7,107.39,78.08,85,100,1.3,overcast clouds,0.0,0
249,Puerto Del Rosario,ES,28.5,-13.86,71.6,78,20,18.34,few clouds,0.0,0
250,Lompoc,US,34.64,-120.46,69.01,68,10,14.99,clear sky,0.0,0
251,Oyem,GA,1.6,11.58,67.37,99,100,3.11,light rain,0.0,0
252,Itarema,BR,-2.92,-39.92,79.23,75,2,13.94,clear sky,0.85,0
253,Hermanus,ZA,-34.42,19.23,52.0,88,100,14.61,moderate rain,0.0,0
254,Phalodi,IN,27.13,72.37,87.62,62,12,20.78,few clouds,0.0,0
255,Tokonou,GN,9.65,-9.78,70.03,96,100,8.66,overcast clouds,0.0,0
256,Beni Suef,EG,29.07,31.1,78.01,68,0,9.64,clear sky,0.0,0
257,Goderich,CA,43.75,-81.72,84.99,83,55,11.01,light rain,0.0,0
258,Khandyga,RU,62.67,135.6,71.82,44,4,4.18,clear sky,0.15,0
259,Tocopilla,CL,-22.09,-70.2,58.89,67,21,1.25,few clouds,0.0,0
260,Iaciara,BR,-14.1,-46.63,72.61,36,0,6.76,clear sky,0.0,0
261,Qianan,CN,44.99,124.06,75.06,52,0,5.86,clear sky,0.0,0
262,Tikapur,NP,28.5,81.13,81.01,86,100,3.22,light rain,0.0,0
263,Laje,BR,-10.18,-40.97,68.43,85,56,9.19,broken clouds,0.98,0
264,Hun,LY,29.13,15.95,77.32,62,0,6.58,clear sky,0.0,0
265,Sovkhoznyy,RU,45.29,38.11,62.01,82,0,4.47,clear sky,0.0,0
266,Port Lincoln,AU,-34.73,135.87,53.49,82,88,10.27,light rain,0.0,0
267,Lagoa,PT,39.05,-27.98,69.03,71,14,3.31,few clouds,0.42,0
268,Kannod,IN,22.67,76.73,79.38,81,69,10.4,light rain,0.0,0
269,Palembang,ID,-2.92,104.75,73.4,100,20,2.57,mist,0.23,0
270,Poum,NC,-20.23,164.02,70.72,74,34,13.96,scattered clouds,0.0,0
271,Cherskiy,RU,68.75,161.3,56.68,80,99,5.23,overcast clouds,0.0,0
272,Severo-Kurilsk,RU,50.68,156.12,49.41,95,100,8.01,light rain,0.0,0
273,Gasa,PS,31.5,34.47,79.0,75,0,2.57,clear sky,0.37,0
274,Pisco,PE,-13.7,-76.22,64.4,68,20,14.99,few clouds,0.0,0
275,Bambous Virieux,MU,-20.34,57.76,71.6,78,75,18.34,shower rain,0.0,0
276,Sitka,US,57.05,-135.33,55.4,93,90,4.7,moderate rain,0.0,0
277,Narsaq,GL,60.92,-46.05,50.0,81,99,5.82,drizzle,2.79,0
278,Saskylakh,RU,71.92,114.08,52.48,65,40,10.4,scattered clouds,0.0,0
279,Roald,NO,62.58,6.13,53.6,76,75,5.82,light rain,0.0,0
280,Aguie,NE,13.51,7.78,91.08,39,30,14.45,scattered clouds,0.13,0
281,Emirdag,TR,39.02,31.15,63.75,73,0,4.29,clear sky,0.0,0
282,Smithers,CA,54.78,-127.17,66.2,48,75,3.36,broken clouds,0.0,0
283,Muros,ES,42.78,-9.06,66.0,80,26,5.99,scattered clouds,0.0,0
284,Haldensleben,DE,52.29,11.41,64.0,10,99,4.29,overcast clouds,0.0,0
285,Aasiaat,GL,68.71,-52.87,40.89,98,100,10.85,moderate rain,0.0,0
286,Cayenne,GF,4.93,-52.33,77.0,100,75,2.24,broken clouds,1.78,0
287,Fortuna,US,40.6,-124.16,69.01,72,20,16.11,few clouds,0.0,0
288,Omboue,GA,-1.57,9.26,73.78,83,100,8.28,overcast clouds,0.0,0
289,Padang,ID,-0.95,100.35,77.2,76,98,4.41,overcast clouds,0.0,0
290,Bolgatanga,GH,10.79,-0.85,78.66,80,34,8.34,light rain,0.0,0
291,Sioux Lookout,CA,50.1,-91.92,77.0,53,75,14.99,broken clouds,0.34,0
292,Kieta,PG,-6.22,155.63,83.03,74,100,7.74,moderate rain,0.0,0
293,Ahipara,NZ,-35.17,173.17,55.6,72,71,4.97,light rain,1.67,0
294,Itoman,JP,26.12,127.67,86.0,89,75,13.87,broken clouds,0.0,0
295,Ndende,GA,-2.4,11.36,73.02,85,100,3.22,overcast clouds,0.0,0
296,Saint-Francois,FR,46.42,3.91,69.01,72,3,3.36,clear sky,0.0,0
297,Belawan,ID,3.78,98.68,78.8,88,40,5.82,scattered clouds,0.0,0
298,Cockburn Town,TC,21.46,-71.14,83.32,80,100,19.73,overcast clouds,0.0,0
299,Te Anau,NZ,-45.42,167.72,41.0,85,87,0.78,overcast clouds,0.0,0
300,Kiunga,PG,-6.12,141.29,75.74,96,100,2.26,overcast clouds,0.0,0
301,Sakakah,SA,29.97,40.21,86.0,17,0,5.82,clear sky,0.0,0
302,Sungaipenuh,ID,-2.08,101.38,65.44,83,100,3.53,overcast clouds,0.0,0
303,Murgab,TM,37.5,61.97,82.4,37,0,4.7,clear sky,0.0,0
304,Manaure,CO,11.78,-72.44,86.32,56,22,19.98,few clouds,0.0,0
305,Kunnamangalam,IN,11.3,75.88,75.2,88,75,4.7,broken clouds,0.0,0
306,Tondano,ID,1.3,124.91,77.0,94,20,2.24,few clouds,0.0,0
307,Rosario,AR,-32.95,-60.64,55.0,62,67,8.05,broken clouds,0.0,0
308,Llanelli,GB,51.68,-4.16,55.99,93,65,12.75,broken clouds,0.0,0
309,Moerai,PF,-22.43,-151.33,71.04,71,13,23.09,few clouds,0.0,0
310,Mukhen,RU,48.1,136.1,58.75,92,100,3.24,overcast clouds,0.0,0
311,Majene,ID,-3.54,118.97,77.54,86,45,11.79,scattered clouds,0.0,0
312,Xunchang,CN,28.45,104.72,75.61,91,100,0.51,overcast clouds,0.0,0
313,Yumen,CN,40.28,97.2,66.54,28,7,3.74,clear sky,0.0,0
314,La Ronge,CA,55.1,-105.28,69.8,56,75,10.29,broken clouds,0.0,0
315,Monki,PL,53.41,22.8,63.0,87,88,11.79,overcast clouds,0.0,0
316,Vanino,RU,49.09,140.25,58.66,92,97,3.2,overcast clouds,0.0,0
317,Moranbah,AU,-22.0,148.05,62.65,84,62,18.05,broken clouds,0.0,0
318,Belousovka,KZ,50.13,82.52,57.2,87,2,2.24,clear sky,0.0,0
319,Sakrand,PK,26.14,68.27,87.8,70,3,6.93,haze,0.0,0
320,Kruisfontein,ZA,-34.0,24.73,52.47,93,51,5.23,broken clouds,0.0,0
321,Amuntai,ID,-2.42,115.25,73.15,98,91,1.3,moderate rain,0.0,0
322,Sabang,ID,5.89,95.32,82.15,77,99,4.76,light rain,1.14,0
323,Barra Do Garcas,BR,-15.89,-52.26,76.5,46,30,3.53,scattered clouds,0.3,0
324,Tura,IN,25.52,90.22,75.15,99,100,4.88,heavy intensity rain,0.0,0
325,Eureka,US,40.8,-124.16,69.01,18,12,5.01,few clouds,4.78,0
326,Namibe,AO,-15.2,12.15,61.86,81,0,8.68,clear sky,0.0,0
327,Nishihara,JP,26.18,127.76,84.2,83,40,11.41,scattered clouds,0.0,0
328,Zabol,AF,32.25,67.25,62.92,24,0,4.83,clear sky,0.0,0
329,Malabo,GQ,3.75,8.78,78.8,100,40,9.17,thunderstorm,0.0,0
330,Garh Maharaja,PK,30.83,71.91,99.19,29,0,12.01,clear sky,0.0,0
331,Codrington,AU,-38.27,141.97,46.31,76,100,10.51,overcast clouds,0.0,0
332,Pueblo,US,38.25,-104.61,99.0,7,1,8.05,clear sky,0.0,0
333,Bonthe,SL,7.53,-12.51,76.69,89,100,13.76,light rain,0.0,0
334,Taoudenni,ML,22.68,-3.98,94.35,10,0,4.41,clear sky,0.97,0
335,Kjollefjord,NO,70.95,27.35,45.84,93,100,12.77,overcast clouds,0.0,0
336,Cabedelo,BR,-6.98,-34.83,77.0,88,40,4.7,scattered clouds,0.0,0
337,Makakilo City,US,21.35,-158.09,87.8,48,75,10.29,broken clouds,0.0,0
338,Kedrovyy,RU,56.17,91.82,57.2,93,40,2.26,scattered clouds,0.0,0
339,Utete,TZ,-7.99,38.76,70.93,96,60,3.87,light rain,0.0,0
340,Tianpeng,CN,30.99,103.94,81.0,1,100,1.01,light rain,0.0,0
341,Leningradskiy,RU,69.38,178.42,52.21,65,91,12.26,overcast clouds,0.19,0
342,Effium,NG,6.63,8.06,80.6,78,75,6.93,broken clouds,0.0,0
343,Dolgorukovo,RU,52.32,38.35,54.81,91,45,6.82,scattered clouds,0.0,0
344,Dong Hoi,VN,17.48,106.6,83.43,70,95,7.81,overcast clouds,0.0,0
345,Nara,JP,34.69,135.8,75.99,100,75,4.7,light intensity shower rain,0.0,0
346,Sorland,NO,67.67,12.69,51.58,86,26,9.71,scattered clouds,0.0,0
347,Soldotna,US,60.49,-151.06,64.4,63,75,4.7,broken clouds,0.0,0
348,Danjiangkou,CN,32.54,111.51,78.1,81,98,5.28,overcast clouds,0.0,0
349,Kikwit,CD,-5.04,18.82,77.97,50,19,1.07,few clouds,0.0,0
350,Saint-Joseph,RE,-21.37,55.62,68.0,82,75,16.11,broken clouds,0.0,0
351,Guozhen,CN,34.37,107.36,79.38,51,100,1.21,overcast clouds,0.0,0
352,Lata,PT,40.16,-8.33,64.0,79,12,1.99,few clouds,0.0,0
353,Alnashi,RU,56.19,52.48,69.76,87,0,4.09,clear sky,0.0,0
354,Kununurra,AU,-15.77,128.73,60.8,33,15,3.36,few clouds,0.0,0
355,Oktyabrskiy,RU,54.48,53.47,68.34,78,0,2.68,clear sky,0.0,0
356,Wahiawa,US,21.5,-158.02,87.8,65,75,18.34,light intensity drizzle,0.0,0
357,Washington,US,47.5,-120.5,78.01,36,85,10.0,overcast clouds,0.0,0
358,Krasnoselkup,RU,65.7,82.47,58.6,62,60,17.87,broken clouds,0.0,0
359,Tilichiki,RU,60.47,166.1,51.28,92,100,5.3,overcast clouds,0.0,0
360,Natal,BR,-5.79,-35.21,77.0,88,40,5.82,scattered clouds,0.0,0
361,Bantou,CN,26.22,117.49,75.51,90,100,2.24,light rain,0.0,0
362,Arti,RU,56.42,58.53,68.18,86,0,0.74,clear sky,0.97,0
363,La Rioja,ES,42.25,-2.5,71.6,68,67,9.17,broken clouds,0.0,0
364,Akcakoca,TR,41.09,31.12,65.28,79,6,4.99,clear sky,0.0,0
365,Willowmore,ZA,-33.29,23.49,51.94,44,97,12.77,overcast clouds,0.0,0
366,Sao Borja,BR,-28.66,-56.0,47.5,84,0,5.39,clear sky,0.0,0
367,Witu,KE,-2.39,40.44,77.0,88,90,5.82,mist,0.0,0
368,Tevaitoa,PF,-16.78,-151.5,77.0,76,15,25.1,few clouds,0.0,0
369,Saint-Georges,GD,12.06,-61.75,84.2,79,20,11.41,few clouds,0.0,0
370,Nicoya,CR,10.15,-85.45,78.8,88,75,3.36,broken clouds,0.0,0
371,Hilo,US,19.73,-155.09,82.4,65,90,3.36,overcast clouds,0.0,0
372,Contamana,PE,-7.33,-75.02,75.81,86,10,3.56,light rain,0.0,0
373,Teguise,ES,29.06,-13.56,71.6,73,75,19.46,broken clouds,0.15,0
374,Le Pont-De-Claix,FR,45.12,5.71,70.0,51,47,8.01,scattered clouds,0.0,0
375,Zeya,RU,53.75,127.27,70.05,58,100,7.83,overcast clouds,0.0,0
376,San Patricio,MX,19.22,-104.7,86.0,74,75,11.41,broken clouds,0.0,0
377,Nome,US,64.5,-165.41,61.0,67,1,12.75,clear sky,0.0,0
378,Aktau,KZ,43.65,51.2,77.0,73,39,6.71,scattered clouds,0.0,0
379,Machali,CL,-34.18,-70.67,55.4,66,44,1.12,scattered clouds,0.0,0
380,Gera,DE,50.88,12.08,64.99,87,17,2.35,few clouds,0.0,0
381,Tagusao,PH,9.19,117.81,80.67,78,100,5.39,overcast clouds,0.0,0
382,Kortkeros,RU,61.81,51.58,69.8,73,0,4.47,clear sky,0.0,0
383,Alice Springs,AU,-23.7,133.88,41.0,48,0,4.7,clear sky,0.0,0
384,Novo Aripuana,BR,-5.12,-60.38,80.08,61,52,0.63,broken clouds,0.0,0
385,Guerrero Negro,MX,27.98,-114.06,80.58,39,28,15.5,scattered clouds,0.0,0
386,Otane,NZ,-39.88,176.63,50.92,64,0,5.77,clear sky,0.0,0
387,Miracema Do Tocantins,BR,-9.56,-48.4,78.28,32,14,4.32,few clouds,0.0,0
388,Arteaga,MX,18.47,-102.42,76.39,78,95,2.26,light rain,0.0,0
389,Spasskoye,RU,44.61,132.8,67.93,80,1,1.16,clear sky,0.99,0
390,Laguna,US,38.42,-121.42,98.01,18,5,5.82,clear sky,0.0,0
391,Luang Prabang,LA,19.89,102.13,74.55,86,100,1.74,overcast clouds,0.0,0
392,Pemangkat,ID,1.17,108.97,78.1,87,100,14.12,light rain,0.0,0
393,Sao Felipe,BR,-14.82,-41.38,73.45,60,58,5.06,broken clouds,0.84,0
394,Kondinskoye,RU,59.65,67.41,63.03,90,0,6.98,clear sky,0.0,0
395,Roma,US,43.21,-75.46,93.2,38,1,3.36,clear sky,0.0,0
396,Maceio,BR,-9.67,-35.74,73.4,94,75,3.36,broken clouds,0.0,0
397,Kaitangata,NZ,-46.28,169.85,50.0,70,62,7.0,broken clouds,0.0,0
398,Chokurdakh,RU,70.63,147.92,55.65,62,100,10.36,overcast clouds,0.0,0
399,Matay,EG,28.42,30.78,79.23,63,0,11.83,clear sky,0.0,0
400,Muisne,EC,0.6,-80.03,74.62,88,83,12.57,broken clouds,0.0,0
401,Zykovo,RU,55.95,93.15,57.2,93,40,2.26,scattered clouds,0.0,0
402,Manakara,MG,-22.13,48.02,63.43,85,1,4.72,clear sky,0.0,0
403,Nantucket,US,41.28,-70.1,75.0,88,1,8.05,clear sky,0.0,0
404,Jiazi,CN,22.88,116.07,83.08,85,100,11.88,overcast clouds,0.0,0
405,Pervoye Maya,RU,56.16,44.72,61.0,100,40,6.71,scattered clouds,0.0,0
406,Pevek,RU,69.7,170.31,43.9,99,100,3.24,light rain,0.0,0
407,Vao,NC,-22.67,167.48,67.35,71,0,20.89,clear sky,0.41,0
408,Ust-Maya,RU,60.42,134.53,55.09,96,100,10.63,moderate rain,0.0,0
409,Svetlyy,RU,54.67,20.13,57.2,93,90,2.24,light rain,3.39,0
410,Monte Patria,CL,-30.69,-70.95,62.64,32,82,1.79,broken clouds,0.0,0
411,Abu Zabad,SD,12.35,29.25,79.02,68,83,8.03,broken clouds,0.0,0
412,Hualmay,PE,-11.1,-77.61,62.22,79,8,10.69,clear sky,0.0,0
413,Russell,US,32.35,-85.2,91.4,55,20,4.7,few clouds,0.0,0
414,Great Yarmouth,GB,52.61,1.73,57.99,99,100,14.0,overcast clouds,0.0,0
415,El Dorado,US,33.21,-92.67,91.4,63,20,3.36,few clouds,0.0,0
416,Virginia Beach,US,36.85,-75.98,82.4,74,75,12.75,broken clouds,0.0,0
417,Itatskiy,RU,56.07,89.04,56.89,83,100,1.41,overcast clouds,0.0,0
418,Inirida,CO,3.87,-67.92,75.49,95,100,2.04,light rain,0.0,0
419,Guasdualito,VE,7.24,-70.73,84.2,74,40,2.73,scattered clouds,0.49,0
420,Porbandar,IN,21.64,69.61,83.35,81,40,16.58,light rain,0.0,0
421,Cabrero,CL,-37.03,-72.4,48.2,100,90,14.99,light rain,0.31,0
422,Taldan,RU,53.67,124.8,66.07,91,78,4.34,broken clouds,0.0,0
423,Yzeure,FR,46.56,3.35,69.01,72,1,3.36,clear sky,0.0,0
424,Port Macquarie,AU,-31.43,152.92,55.99,98,85,6.46,overcast clouds,0.0,0
425,Lavrentiya,RU,65.58,-171.0,52.79,71,12,5.26,few clouds,0.0,0
426,Netolice,CZ,49.05,14.2,63.0,74,6,5.59,clear sky,0.0,0
427,Okato,NZ,-39.2,173.88,48.0,61,28,1.01,scattered clouds,0.0,0
428,Srandakan,ID,-7.94,110.25,74.21,87,98,5.91,overcast clouds,0.0,0
429,Tiznit,MA,29.58,-9.5,69.67,48,0,0.96,clear sky,0.0,0
430,Sebrovo,RU,50.1,43.3,66.99,74,4,8.01,clear sky,0.0,0
431,Nieves,PH,15.33,120.95,80.6,78,75,2.24,broken clouds,0.0,0
432,Pandan,PH,14.05,124.17,82.45,77,100,5.93,overcast clouds,0.0,0
433,Wattegama,LK,6.8,81.48,75.24,86,93,3.74,overcast clouds,0.0,0
434,Cururupu,BR,-1.83,-44.87,75.65,88,11,3.4,few clouds,0.0,0
435,Palmer,US,42.16,-72.33,89.6,52,1,8.05,clear sky,0.0,0
436,Naze,JP,28.37,129.48,84.2,94,75,17.22,broken clouds,0.0,0
437,Uglekamensk,RU,43.22,133.23,71.02,62,4,1.54,clear sky,0.0,0
438,Nhulunbuy,AU,-12.23,136.77,77.0,78,90,11.41,overcast clouds,0.0,0
439,Hamamatsu,JP,34.7,137.73,77.0,98,100,3.56,light rain,0.0,0
440,Mtambile,TZ,-5.38,39.7,76.64,80,3,13.56,clear sky,0.25,0
441,Sao Jose Da Coroa Grande,BR,-8.9,-35.15,76.68,84,46,8.01,light rain,0.0,0
442,Bundaberg,AU,-24.85,152.35,60.8,87,90,6.93,overcast clouds,0.42,0
443,Hofn,IS,64.25,-15.21,52.88,66,84,9.75,broken clouds,0.0,0
444,Luganville,VU,-15.53,167.17,77.0,94,75,8.05,broken clouds,0.0,0
445,Gamba,GA,-2.65,10.0,72.95,88,98,5.93,overcast clouds,0.0,0
446,Rawson,AR,-43.3,-65.1,41.94,79,70,17.34,broken clouds,0.0,0
447,Mucurapo,TT,10.67,-61.53,84.2,66,20,13.87,few clouds,0.0,0
448,Sao Joao Da Barra,BR,-21.64,-41.05,71.29,80,1,17.87,clear sky,0.0,0
449,Marsa Matruh,EG,31.35,27.25,77.0,78,0,5.82,clear sky,0.0,0
450,Xichang,CN,27.9,102.26,68.04,84,100,1.28,heavy intensity rain,0.0,0
451,Sur,OM,22.57,59.53,92.32,45,100,8.97,overcast clouds,0.0,0
452,Nador,MA,35.17,-2.93,75.2,83,47,2.24,scattered clouds,0.0,0
453,Burgeo,CA,47.62,-57.62,53.85,90,100,13.91,overcast clouds,0.0,0
454,Pangnirtung,CA,66.15,-65.71,46.4,81,20,11.41,few clouds,0.0,0
455,Bud,US,39.45,-86.18,90.0,55,40,4.7,scattered clouds,0.0,0
456,Campbell River,CA,50.02,-125.24,66.0,93,75,9.17,light intensity shower rain,0.0,0
457,Cameta,BR,-2.24,-49.5,83.05,70,100,3.24,overcast clouds,0.0,0
458,Grindavik,IS,63.84,-22.43,50.0,76,75,10.29,broken clouds,0.0,0
459,Jacareacanga,BR,-6.22,-57.75,80.33,54,31,1.48,scattered clouds,0.0,0
460,Sabha,LY,27.04,14.43,81.9,21,0,9.84,clear sky,0.0,0
461,Amacuzac,MX,18.58,-99.35,81.0,61,75,5.82,broken clouds,0.0,0
462,Daltenganj,IN,24.03,84.07,81.46,76,97,7.99,light rain,0.0,0
463,Buala,SB,-8.14,159.59,83.37,76,60,12.48,light rain,0.49,0
464,Shahdadkot,PK,27.85,67.91,93.33,50,0,15.43,clear sky,0.56,0
465,Mbulu,TZ,-3.85,35.53,56.41,94,66,16.58,broken clouds,0.0,0
466,Buraydah,SA,26.33,43.98,86.0,25,0,6.93,clear sky,0.0,0
467,Presidente Medici,BR,-11.18,-61.9,78.06,54,1,2.24,clear sky,0.0,0
468,Katsuura,JP,35.13,140.3,77.0,86,93,5.99,overcast clouds,0.0,0
469,Ridgecrest,US,35.62,-117.67,105.8,4,20,11.41,few clouds,0.0,0
470,Port Shepstone,ZA,-30.74,30.45,67.39,38,96,8.93,overcast clouds,0.0,0
471,Okoneshnikovo,RU,54.84,75.08,68.31,92,92,13.42,overcast clouds,0.0,0
472,Kavaratti,IN,10.57,72.64,83.7,74,100,11.34,overcast clouds,0.0,0
473,Camara De Lobos,PT,32.63,-16.97,77.0,36,20,18.34,few clouds,0.0,0
474,Robertsport,LR,6.75,-11.37,77.56,84,96,14.65,light rain,0.0,0
475,Gornopravdinsk,RU,60.05,69.9,56.7,95,6,6.04,clear sky,0.97,0
476,Lannion,FR,48.75,-3.42,59.0,100,90,10.29,overcast clouds,0.0,0
477,Port Augusta,AU,-32.5,137.77,46.0,70,40,2.24,scattered clouds,0.0,0
478,Mitsamiouli,KM,-11.38,43.28,76.66,75,1,12.06,clear sky,0.0,0
479,Mus,TR,39.0,41.75,61.11,67,17,4.29,few clouds,0.0,0
480,Iqaluit,CA,63.75,-68.51,46.4,81,75,11.41,broken clouds,0.0,0
481,Alta Floresta,BR,-9.88,-56.09,76.17,44,14,3.51,few clouds,0.0,0
482,Zyryanka,RU,65.75,150.85,66.07,63,37,3.47,light rain,0.0,0
483,Ilulissat,GL,69.22,-51.1,46.4,87,75,3.36,light intensity shower rain,0.31,0
484,Ossora,RU,59.24,163.07,53.74,88,100,8.16,overcast clouds,0.0,0
485,Kalabo,ZM,-14.97,22.68,58.44,36,0,4.12,clear sky,0.0,0
486,Vagur,FO,61.47,-6.81,50.52,84,91,11.95,light rain,0.0,0
487,Flinders,AU,-34.58,150.86,55.99,93,86,1.01,overcast clouds,0.11,0
488,Ushibuka,JP,32.19,130.02,75.29,92,100,16.71,moderate rain,0.0,0
489,Half Moon Bay,US,37.46,-122.43,69.8,77,1,14.99,haze,1.57,0
490,Abalak,RU,58.13,68.59,64.54,97,11,6.51,few clouds,0.0,0
491,Alappuzha,IN,9.49,76.33,75.43,93,100,3.44,light rain,0.0,0
492,Olga,RU,43.74,135.29,73.99,61,84,1.54,broken clouds,0.98,0
493,Port Moresby,PG,-9.44,147.18,78.8,88,40,11.41,haze,0.0,0
494,Sechura,PE,-5.56,-80.82,67.68,68,0,19.17,clear sky,0.0,0
495,Mao,ES,39.89,4.27,73.4,83,0,5.82,clear sky,0.0,0
496,Santa Fe,AR,-31.63,-60.7,55.0,59,0,4.0,clear sky,0.0,0
497,Ikorodu,NG,6.62,3.5,77.0,94,20,2.24,few clouds,0.0,0
498,Awjilah,LY,29.11,21.29,80.4,46,0,8.57,clear sky,0.0,0
499,Saint-Augustin,CA,51.23,-58.65,56.46,94,100,12.39,overcast clouds,0.0,0
500,Yelatma,RU,54.97,41.75,54.14,86,7,3.49,clear sky,0.0,0
501,Muyezerskiy,RU,63.93,31.65,48.15,85,0,7.87,clear sky,0.0,0
502,The Valley,AI,18.22,-63.06,86.0,66,20,11.41,few clouds,0.0,0
503,Moree,AU,-29.47,149.85,55.4,82,90,10.29,overcast clouds,0.0,0
504,Borogontsy,RU,62.67,131.17,66.67,53,83,10.13,broken clouds,0.0,0
505,Stornoway,GB,58.21,-6.39,48.99,93,100,4.7,overcast clouds,0.0,0
506,Dunedin,NZ,-45.87,170.5,51.01,67,78,5.99,broken clouds,0.0,0
507,Carballo,ES,43.21,-8.69,61.0,96,94,3.0,overcast clouds,0.0,0
508,Puri,IN,19.8,85.85,82.4,94,20,6.93,haze,0.0,0
509,Abu Samrah,SY,35.3,37.18,69.69,69,0,9.19,clear sky,0.0,0
510,Gorom-Gorom,BF,14.44,-0.24,93.24,34,65,11.41,broken clouds,0.0,0
511,Mayo,US,38.89,-76.51,87.01,66,1,11.41,clear sky,0.0,0
512,Manzanillo,CU,20.34,-77.12,87.28,65,33,3.27,scattered clouds,0.0,0
513,Cascas,PE,-7.48,-78.82,66.04,55,65,2.68,broken clouds,0.0,0
514,Lasa,IT,46.62,10.7,60.8,87,5,1.12,clear sky,0.0,0
515,Newport,GB,51.59,-3.0,59.0,96,100,8.66,overcast clouds,0.0,0
516,Marzuq,YE,14.4,46.47,85.96,36,65,2.1,broken clouds,0.0,0
517,Muborak,UZ,39.26,65.15,83.08,24,0,13.29,clear sky,0.0,0
518,Saint-Leu,RE,-21.15,55.28,68.0,82,75,16.11,broken clouds,0.0,0
519,Balfour,ZA,-26.66,28.59,46.99,90,0,1.01,clear sky,0.0,0
520,Deputatskiy,RU,69.3,139.9,55.65,65,46,4.47,scattered clouds,0.0,0
521,Cody,US,44.53,-109.06,87.01,21,1,5.82,clear sky,0.0,0
522,Buenos Aires,AR,-34.61,-58.38,54.0,62,2,5.82,clear sky,0.0,0
523,Banda Aceh,ID,5.56,95.32,79.81,77,97,4.05,overcast clouds,0.0,0
524,Sebezh,RU,56.3,28.47,48.18,97,1,4.63,clear sky,0.0,0
525,Jiayuguan,CN,39.82,98.3,65.95,27,14,2.24,few clouds,0.0,0
526,Hobyo,SO,5.35,48.53,77.67,82,71,25.86,broken clouds,0.0,0
527,Sovetskaya Gavan,RU,48.97,140.29,57.06,93,98,6.55,overcast clouds,0.0,0
528,Aginskoye,RU,51.1,114.53,69.15,63,6,12.24,clear sky,0.0,0
529,Keita,NE,14.76,5.77,91.4,43,46,9.17,scattered clouds,0.0,0
530,Mount Darwin,ZW,-16.77,31.58,60.94,81,68,4.52,broken clouds,0.0,0
531,Skara,SE,58.39,13.44,46.4,100,16,2.24,fog,0.0,0
532,Siniscola,IT,40.57,9.69,71.6,83,0,1.12,clear sky,0.0,0
533,Nyaunglebin,MM,17.95,96.73,76.69,92,100,2.84,overcast clouds,0.0,0
534,Santa Cruz Cabralia,BR,-16.28,-39.02,73.4,83,20,4.7,few clouds,0.0,0
535,Bianzhuang,CN,34.85,118.04,71.56,84,1,5.06,clear sky,0.0,0
536,Madingou,CG,-4.15,13.55,73.29,82,42,5.93,light rain,0.0,0
537,Andra,RU,62.51,65.89,57.15,68,18,3.98,few clouds,0.21,0
538,Singarayakonda,IN,15.25,80.03,82.31,76,100,10.98,moderate rain,0.0,0
539,Panaba,MX,21.28,-88.27,83.86,81,51,11.77,light rain,2.14,0
540,Kidal,ML,18.44,1.41,91.17,25,77,6.53,broken clouds,0.5,0
541,Chernolesskoye,RU,44.72,43.71,69.78,71,95,7.36,overcast clouds,0.0,0
542,Caravelas,BR,-17.71,-39.25,71.37,86,0,5.41,clear sky,0.0,0
543,Strezhevoy,RU,60.73,77.59,57.2,71,75,8.95,broken clouds,0.0,0
544,Sahuaripa,MX,29.05,-109.23,98.28,34,14,3.38,few clouds,0.0,0
545,Aksay,RU,47.26,39.87,61.0,82,5,6.71,clear sky,0.0,0
546,Hovd,MN,48.01,91.64,59.43,51,44,3.74,scattered clouds,0.0,0
547,Antsohihy,MG,-14.88,47.99,68.7,61,0,11.14,clear sky,0.0,0
548,Yar-Sale,RU,66.83,70.83,54.61,73,0,11.88,clear sky,0.0,0
549,Panama City,PA,8.99,-79.52,87.01,70,40,6.93,scattered clouds,0.0,0
550,San Felipe,VE,10.34,-68.74,73.94,85,64,4.18,broken clouds,0.0,0
551,Puerto Baquerizo Moreno,EC,-0.9,-89.6,68.13,90,93,11.81,overcast clouds,0.0,0
552,Evensk,RU,61.95,159.23,54.82,87,100,0.47,overcast clouds,0.0,0
553,Kamenka,RU,51.32,42.77,63.0,82,3,5.01,clear sky,0.0,0
554,Hargeysa,SO,9.56,44.06,72.99,57,62,25.37,broken clouds,0.0,0
555,Mossendjo,CG,-2.95,12.73,68.61,96,99,4.54,moderate rain,0.0,0
556,Sola,VU,-13.88,167.55,79.83,83,27,23.96,scattered clouds,1.55,0
557,Vanavara,RU,60.34,102.28,53.98,71,36,2.06,scattered clouds,0.0,0
558,Tacuarembo,UY,-31.73,-55.98,43.68,89,0,5.41,clear sky,0.0,0
559,Bartlesville,US,36.75,-95.98,86.0,69,1,10.89,clear sky,0.0,0
560,Niquero,CU,20.04,-77.58,85.98,66,17,14.0,few clouds,0.0,0
561,Nalhati,IN,24.3,87.82,83.64,80,100,6.69,light rain,0.0,0
562,Hayvoron,UA,48.34,29.87,57.85,83,60,3.56,broken clouds,0.24,0
563,Aksu,CN,41.12,80.26,70.92,37,33,3.47,scattered clouds,0.0,0
564,Fruitvale,US,39.08,-108.5,97.0,2,1,18.34,clear sky,0.0,0
565,Berdigestyakh,RU,62.1,126.7,57.78,92,100,9.44,light rain,0.0,0
566,Bakel,SN,14.9,-12.46,93.16,42,66,16.35,broken clouds,0.12,0
567,Kahului,US,20.89,-156.47,82.99,83,14,8.01,few clouds,0.0,0
568,Abeche,TD,13.83,20.83,78.33,67,100,11.34,overcast clouds,0.0,0
569,Jamame,SO,0.07,42.75,76.48,84,46,9.44,scattered clouds,0.0,0
570,Zhangye,CN,38.93,100.45,69.35,32,0,5.77,clear sky,0.0,0
571,Udgir,IN,18.38,77.12,73.69,90,100,7.61,overcast clouds,0.0,0
572,Kalat,PK,29.02,66.59,66.42,26,21,3.83,few clouds,0.0,0
573,Malakal,SS,9.53,31.66,75.88,75,90,3.22,overcast clouds,0.0,0
574,Qiongshan,CN,20.01,110.35,82.4,78,100,8.95,overcast clouds,0.0,0
575,Dawei,MM,14.08,98.2,77.94,88,100,1.54,light rain,0.0,0
576,Necochea,AR,-38.55,-58.74,46.99,81,100,13.0,light rain,0.26,0
577,Pritomskiy,RU,53.77,87.61,59.47,93,99,5.41,light rain,0.0,0
578,Kenitra,MA,34.26,-6.58,69.8,77,40,6.93,scattered clouds,0.27,0
